<application>
  <component name="FileTypeManager" version="18">
    <extensionMap>
      <mapping pattern="eps_pgp_public_key" type="AUTO_DETECTED" />
      <mapping pattern="ssh_private_key_rsa_content" type="AUTO_DETECTED" />
      <mapping ext="main.kts" type="Kotlin" />
      <mapping ext="gradle.kts" type="Kotlin" />
      <mapping ext="space.kts" type="Kotlin" />
      <mapping pattern="opencv_annotation" type="PLAIN_TEXT" />
      <mapping pattern="pds::known_hosts_file" type="PLAIN_TEXT" />
      <mapping pattern="opencv_version" type="PLAIN_TEXT" />
      <mapping ext="cert" type="PLAIN_TEXT" />
      <mapping ext="log" type="PLAIN_TEXT" />
      <mapping ext="puml" type="PLAIN_TEXT" />
      <mapping ext="key" type="PLAIN_TEXT" />
      <mapping ext="p7m" type="PLAIN_TEXT" />
      <mapping ext="pub" type="PLAIN_TEXT" />
    </extensionMap>
  </component>
</application>