<application>
  <component name="ProjectManager">
    <defaultProject>
      <component name="CompilerConfiguration">
        <annotationProcessing>
          <profile default="true" name="Default" enabled="true" />
        </annotationProcessing>
      </component>
      <component name="Encoding">
        <file url="PROJECT" charset="UTF-8" />
      </component>
      <component name="GradleLocalSettings">
        <option name="modificationStamps">
          <map>
            <entry key="$USER_HOME$/development/projects/wiremock" value="1435063604136" />
          </map>
        </option>
      </component>
      <component name="ProjectRootManager" version="2" languageLevel="JDK_1_6" />
      <component name="PropertiesComponent">
        <property name="settings.editor.selected.configurable" value="reference.projectsettings.compiler.annotationProcessors" />
      </component>
      <component name="RunManager">
        <configuration default="true" type="Applet" factoryName="Applet">
          <option name="WIDTH" value="400" />
          <option name="HEIGHT" value="300" />
          <option name="POLICY_FILE" value="$APPLICATION_HOME_DIR$/bin/appletviewer.policy" />
          <module />
          <method />
        </configuration>
        <configuration default="true" type="Application" factoryName="Application">
          <option name="WORKING_DIRECTORY" value="$PROJECT_DIR$" />
          <method v="2">
            <option name="Make" enabled="true" />
          </method>
        </configuration>
        <configuration default="true" type="JUnit" factoryName="JUnit">
          <option name="TEST_OBJECT" value="class" />
          <option name="WORKING_DIRECTORY" value="$MODULE_DIR$" />
          <method v="2">
            <option name="Make" enabled="true" />
          </method>
        </configuration>
        <configuration default="true" type="TestNG">
          <option name="TEST_OBJECT" value="CLASS" />
          <option name="WORKING_DIRECTORY" value="$PROJECT_DIR$" />
          <properties />
          <listeners />
          <method v="2">
            <option name="Make" enabled="true" />
          </method>
        </configuration>
        <configuration default="true" type="#org.jetbrains.idea.devkit.run.PluginConfigurationType">
          <module name="" />
          <option name="VM_PARAMETERS" value="-Xmx512m -Xms256m -XX:MaxPermSize=250m -ea" />
          <option name="PROGRAM_PARAMETERS" />
          <predefined_log_file enabled="true" id="idea.log" />
          <method v="2">
            <option name="Make" enabled="true" />
          </method>
        </configuration>
      </component>
      <component name="SbtLocalSettings">
        <option name="modificationStamps">
          <map>
            <entry key="$USER_HOME$/development/projects/akka-http-oauth" value="1441785849218" />
            <entry key="$USER_HOME$/development/projects/akkastreamexample" value="1446821498653" />
            <entry key="$USER_HOME$/development/projects/anonymizer" value="1442923117626" />
            <entry key="$USER_HOME$/development/projects/concurrency" value="1440678603465" />
            <entry key="$USER_HOME$/development/projects/decryptor" value="1452529101704" />
            <entry key="$USER_HOME$/development/projects/dependency-injection" value="1452266468480" />
            <entry key="$USER_HOME$/development/projects/deviceidentification" value="1435581419499" />
            <entry key="$USER_HOME$/development/projects/disk-usage-alert" value="1439191224732" />
            <entry key="$USER_HOME$/development/projects/is24-play-common" value="1429109570749" />
            <entry key="$USER_HOME$/development/projects/is24-slick-common" value="1429601716398" />
            <entry key="$USER_HOME$/development/projects/oauth_signature_calculator" value="1445847914688" />
            <entry key="$USER_HOME$/development/projects/pizzashop" value="1428651531580" />
            <entry key="$USER_HOME$/development/projects/play-common" value="1429109206141" />
            <entry key="$USER_HOME$/development/projects/play-macwire-di" value="1435223258245" />
            <entry key="$USER_HOME$/development/projects/play-mockws" value="1432192622925" />
            <entry key="$USER_HOME$/development/projects/play-orientdb-client" value="1442559804257" />
            <entry key="$USER_HOME$/development/projects/reactive-sqs" value="1446563869243" />
            <entry key="$USER_HOME$/development/projects/similarity-report-api" value="1446539955119" />
            <entry key="$USER_HOME$/development/projects/sodexo-command" value="1447156393508" />
            <entry key="$USER_HOME$/development/projects/trust-system-tests" value="1435658199993" />
            <entry key="$USER_HOME$/development/projects/utm-loadtest" value="1435764607775" />
            <entry key="$USER_HOME$/development/projects/utm-service" value="1458035898526" />
          </map>
        </option>
        <option name="projectSyncType">
          <map>
            <entry key="$USER_HOME$/development/projects/key" value="PREVIEW" />
          </map>
        </option>
      </component>
      <component name="ScalaSbtSettings">
        <option name="customVMPath" />
      </component>
      <component name="masterDetails">
        <states>
          <state key="ProjectJDKs.UI">
            <settings>
              <last-edited>1.8</last-edited>
              <splitter-proportions>
                <option name="proportions">
                  <list>
                    <option value="0.2" />
                  </list>
                </option>
              </splitter-proportions>
            </settings>
          </state>
        </states>
      </component>
    </defaultProject>
  </component>
</application>