<application>
  <component name="ApplicationCodeStyleSettingsMigration">
    <option name="version" value="2" />
  </component>
  <component name="ScalaApplicationSettings">
    <option name="INTRODUCE_VARIABLE_EXPLICIT_TYPE" value="false" />
    <option name="INTRODUCE_FIELD_VISIBILITY" value="PRIVATE" />
    <option name="INSERT_MULTILINE_QUOTES" value="false" />
    <option name="SUGGEST_IN_EDITOR_DOC_RENDERING" value="false" />
    <option name="SUGGEST_AUTOBRACE_INSERTION" value="false" />
  </component>
</application>