<keymap version="1" name="phaun" parent="Eclipse">
  <action id="Back">
    <keyboard-shortcut first-keystroke="alt left" />
    <mouse-shortcut keystroke="button4" />
    <keyboard-shortcut first-keystroke="alt b" />
    <keyboard-shortcut first-keystroke="ctrl o" />
  </action>
  <action id="CollapseAll">
    <keyboard-shortcut first-keystroke="ctrl subtract" />
  </action>
  <action id="CollapseRegion">
    <keyboard-shortcut first-keystroke="ctrl subtract" />
  </action>
  <action id="CommentByBlockComment">
    <keyboard-shortcut first-keystroke="shift ctrl alt 7" />
  </action>
  <action id="CommentByLineComment">
    <keyboard-shortcut first-keystroke="ctrl slash" />
    <keyboard-shortcut first-keystroke="ctrl divide" />
    <keyboard-shortcut first-keystroke="shift ctrl 7" />
  </action>
  <action id="Console.TableResult.Reload" />
  <action id="EditorDecreaseFontSize">
    <keyboard-shortcut first-keystroke="ctrl minus" />
  </action>
  <action id="EditorDeleteToWordEnd" />
  <action id="EditorDeleteToWordEndInDifferentHumpsMode">
    <keyboard-shortcut first-keystroke="ctrl delete" />
  </action>
  <action id="EditorDeleteToWordStart" />
  <action id="EditorDeleteToWordStartInDifferentHumpsMode">
    <keyboard-shortcut first-keystroke="ctrl back_space" />
  </action>
  <action id="EditorDown">
    <keyboard-shortcut first-keystroke="down" />
    <keyboard-shortcut first-keystroke="ctrl n" />
  </action>
  <action id="EditorIncreaseFontSize">
    <keyboard-shortcut first-keystroke="ctrl plus" />
    <keyboard-shortcut first-keystroke="shift ctrl equals" />
  </action>
  <action id="EditorNextWord" />
  <action id="EditorNextWordInDifferentHumpsMode">
    <keyboard-shortcut first-keystroke="ctrl right" />
  </action>
  <action id="EditorPreviousWord" />
  <action id="EditorPreviousWordInDifferentHumpsMode">
    <keyboard-shortcut first-keystroke="ctrl left" />
  </action>
  <action id="EditorUp">
    <keyboard-shortcut first-keystroke="up" />
    <keyboard-shortcut first-keystroke="ctrl p" />
  </action>
  <action id="FileChooser.NewFolder">
    <keyboard-shortcut first-keystroke="alt insert" />
  </action>
  <action id="FileChooser.TogglePathShowing" />
  <action id="FileStructurePopup">
    <keyboard-shortcut first-keystroke="ctrl f3" />
  </action>
  <action id="FindInPath">
    <keyboard-shortcut first-keystroke="shift ctrl alt h" />
  </action>
  <action id="FindUsages">
    <keyboard-shortcut first-keystroke="alt g" />
  </action>
  <action id="Forward">
    <keyboard-shortcut first-keystroke="alt right" />
    <mouse-shortcut keystroke="button5" />
    <keyboard-shortcut first-keystroke="alt f" />
  </action>
  <action id="GotoLine" />
  <action id="GotoTest">
    <keyboard-shortcut first-keystroke="alt t" />
  </action>
  <action id="Images.Editor.ZoomOut">
    <keyboard-shortcut first-keystroke="ctrl subtract" />
  </action>
  <action id="IncrementalSearch" />
  <action id="InsertLiveTemplate">
    <keyboard-shortcut first-keystroke="ctrl j" />
  </action>
  <action id="IpnbAddCellAboveAction" />
  <action id="Maven.CollapseAll">
    <keyboard-shortcut first-keystroke="ctrl subtract" />
  </action>
  <action id="NextTab">
    <keyboard-shortcut first-keystroke="ctrl f6" />
    <keyboard-shortcut first-keystroke="ctrl page_down" />
    <keyboard-shortcut first-keystroke="alt l" />
  </action>
  <action id="ParameterInfo">
    <keyboard-shortcut first-keystroke="alt p" />
  </action>
  <action id="PopupHector" />
  <action id="PreviousTab">
    <keyboard-shortcut first-keystroke="shift ctrl f6" />
    <keyboard-shortcut first-keystroke="ctrl page_up" />
    <keyboard-shortcut first-keystroke="alt h" />
  </action>
  <action id="Print" />
  <action id="QuickJavaDoc">
    <mouse-shortcut keystroke="alt button2" />
    <keyboard-shortcut first-keystroke="f2" />
  </action>
  <action id="Refactorings.QuickListPopupAction">
    <keyboard-shortcut first-keystroke="shift ctrl alt t" />
    <keyboard-shortcut first-keystroke="ctrl r" />
    <keyboard-shortcut first-keystroke="alt r" />
  </action>
  <action id="ReformatCode">
    <keyboard-shortcut first-keystroke="shift ctrl f" />
  </action>
  <action id="RemoveFromFavorites" />
  <action id="RunToCursor" />
  <action id="Scala.ShowImplicits">
    <keyboard-shortcut first-keystroke="shift ctrl alt equals" />
    <keyboard-shortcut first-keystroke="shift ctrl alt add" />
  </action>
  <action id="ShowPopupMenu">
    <keyboard-shortcut first-keystroke="shift alt s" />
    <keyboard-shortcut first-keystroke="ctrl f10" />
    <keyboard-shortcut first-keystroke="shift alt t" />
  </action>
  <action id="SmartTypeCompletion">
    <keyboard-shortcut first-keystroke="shift ctrl space" />
  </action>
  <action id="SwitchApply">
    <keyboard-shortcut first-keystroke="shift alt enter" />
  </action>
  <action id="SwitchDown">
    <keyboard-shortcut first-keystroke="shift alt down" />
  </action>
  <action id="SwitchLeft">
    <keyboard-shortcut first-keystroke="shift alt left" />
  </action>
  <action id="SwitchRight">
    <keyboard-shortcut first-keystroke="shift alt right" />
  </action>
  <action id="SwitchUp">
    <keyboard-shortcut first-keystroke="shift alt up" />
  </action>
  <action id="ToggleBookmark7" />
  <action id="Unwrap" />
  <action id="Vcs.Log.FocusTextFilter" />
  <action id="VimPluginToggle">
    <keyboard-shortcut first-keystroke="ctrl alt v" />
    <keyboard-shortcut first-keystroke="alt v" />
  </action>
</keymap>